date,c,d,act,out,pol1,pol2,pol3
2020-01-01,0.0,0.0,1.0,0.4568886850621337,0.0,0.0,0.0
2020-01-02,0.0,0.0,1.0,1.0516410046628117,0.0,0.0,0.0
2020-01-03,0.0,0.0,1.0,1.1569192920875475,0.0,0.0,0.0
2020-01-04,0.0,0.0,1.0,0.9348763188686063,0.0,0.0,0.0
2020-01-05,0.0,0.0,1.0,0.6473917094400584,0.0,0.0,0.0
2020-01-06,0.0,0.0,1.0,0.9768649991465056,0.0,0.0,0.0
2020-01-07,0.0,0.0,1.0513866262478984,1.0565891981103144,0.0,0.0,0.0
2020-01-08,0.0,0.0,1.1008427133279128,1.0842529128723,0.0,0.0,0.0
2020-01-09,0.0,0.0,1.1251219497325875,1.1167572628309892,0.0,0.0,0.0
2020-01-10,0.0,0.0,1.217949112907397,1.1718832863958117,0.0,0.0,0.0
2020-01-11,0.0,0.0,1.0716954596718344,0.9257321776621623,0.0,0.0,0.0
2020-01-12,0.0,0.0,0.8842510166250712,0.6522210453866525,0.0,0.0,0.0
2020-01-13,0.0,0.0,1.0171236478658892,0.9759697493702557,0.0,0.0,0.0
2020-01-14,0.0,0.0,0.9705691028046546,1.0515601168319704,0.0,0.0,0.0
2020-01-15,0.0,0.0,1.1295039358132606,1.0826685945195003,0.0,0.0,0.0
2020-01-16,0.0,0.0,1.0923215179033081,1.1137625628153525,0.0,0.0,0.0
2020-01-17,0.0,0.0,1.114108362802214,1.157470928137084,0.0,0.0,0.0
2020-01-18,0.0,0.0,1.1011010883334618,0.9359524549891033,0.0,0.0,0.0
2020-01-19,0.0,0.0,0.9250345133136401,0.666297455694929,0.0,0.0,0.0
2020-01-20,0.0,0.0,0.9919576597709472,0.9338620331886724,0.0,0.0,0.0
2020-01-21,0.0,0.0,0.9824062254582209,1.051649354798396,0.0,0.0,0.0
2020-01-22,3.3468100897060164e-09,0.0,1.0812492228775648,1.0762207119283524,0.0,0.0,0.0
2020-01-23,3.3468100897060164e-09,0.0,1.0226714684795577,1.110386633787382,0.0,0.0,0.0
2020-01-24,3.3468100897060164e-09,0.0,1.2012508079658593,1.1798765894720067,0.0,0.0,0.0
2020-01-25,6.693620179412033e-09,0.0,0.9788270638516597,0.964517613726473,0.0,0.0,0.0
2020-01-26,1.0040430269118051e-08,0.0,0.8320277936600892,0.6659365979454109,0.0,0.0,0.0
2020-01-27,1.6734050448530087e-08,0.0,1.0544350611304651,0.9729516560096623,0.0,0.0,0.0
2020-01-28,1.6734050448530087e-08,0.0,0.9501137535381763,1.0524570125955248,0.0,0.0,0.0
2020-01-29,1.6734050448530087e-08,0.0,0.9799148092428756,1.0819228915110128,0.0,0.0,0.0
2020-01-30,2.0080860538236103e-08,0.0,1.0400789489248903,1.1174838370940565,0.0,0.0,0.0
2020-01-31,2.0080860538236103e-08,0.0,1.236531267328581,1.1878874315759655,0.0,0.0,0.0
2020-02-01,2.342767062794212e-08,0.0,1.071563671860807,0.9688789143434009,0.0,0.0,0.0
2020-02-02,2.6774480717648135e-08,0.0,0.7485376717598836,0.6504184829304072,0.0,0.0,0.0
2020-02-03,3.3468100897060173e-08,0.0,0.9574069642497237,0.9538017259974158,0.0,0.0,0.0
2020-02-04,3.3468100897060173e-08,0.0,0.9057319061549314,1.048626903702696,0.0,0.0,0.0
2020-02-05,3.3468100897060173e-08,0.0,0.8928869059897188,1.0543682488249149,0.0,0.0,0.0
2020-02-06,3.681491098676619e-08,0.0,0.9040079422291077,1.081265925178572,0.0,0.0,0.0
2020-02-07,3.681491098676619e-08,0.0,1.0518539560391404,1.1525923383128873,0.0,0.0,0.0
2020-02-08,3.681491098676619e-08,0.0,1.0718599061175775,0.960126406526987,0.0,0.0,0.0
2020-02-09,3.681491098676619e-08,0.0,0.8057635717587239,0.6635635889865501,0.0,0.0,0.0
2020-02-10,3.681491098676619e-08,0.0,0.9459949312516588,0.9617270768799396,0.0,0.0,0.0
2020-02-11,4.016172107647221e-08,0.0,0.9173916689439241,1.0469590972354665,0.0,0.0,0.0
2020-02-12,4.016172107647221e-08,0.0,0.9548148823512265,1.0759410063050845,0.0,0.0,0.0
2020-02-13,4.6855341255884244e-08,0.0,0.9771557377967555,1.118138117821151,0.0,0.0,0.0
2020-02-14,4.6855341255884244e-08,0.0,1.138812967449386,1.217502019206613,0.0,0.0,0.0
2020-02-15,4.6855341255884244e-08,0.0,1.023077725397884,0.9734691825664834,0.0,0.0,0.0
2020-02-16,4.6855341255884244e-08,0.0,0.830596367699152,0.674607742351282,0.0,0.0,0.0
2020-02-17,4.6855341255884244e-08,0.0,0.8876003173426292,0.9377311046681875,0.0,0.0,0.0
2020-02-18,8.032344215294442e-08,0.0,0.8734647988888209,1.0420754067821043,0.0,0.0,0.0
2020-02-19,8.032344215294442e-08,0.0,0.9320402420510925,1.0760366660390377,0.0,0.0,0.0
2020-02-20,8.367025224265044e-08,0.0,1.0003199239277147,1.0960628399994312,0.0,0.0,0.0
2020-02-21,9.371068251176849e-08,0.0,1.0627732295703403,1.1789453588398602,0.0,0.0,0.0
2020-02-22,9.705749260147449e-08,0.0,1.037664052639138,0.9750978147325219,0.0,0.0,0.0
2020-02-23,9.705749260147449e-08,0.0,0.8265865980161062,0.6729608437511866,0.0,0.0,0.0
2020-02-24,1.2383197331912258e-07,0.0,0.9558566947220487,0.9684446989310161,0.0,0.0,0.0
2020-02-25,1.439128338573587e-07,0.0,0.736922656362291,1.051439780123546,0.0,0.0,0.0
2020-02-26,1.8742136502353692e-07,0.0,1.0598432475580353,1.0765451320997648,0.0,0.0,0.0
2020-02-27,1.97461795292655e-07,0.0,1.0546068707788272,1.114190422583795,0.0,0.0,0.0
2020-02-28,2.0750222556177303e-07,0.0,1.123372924372965,1.194329427181839,0.0,0.0,0.0
2020-02-29,2.3092989618971517e-07,3.346810089706017e-09,1.068658671438203,0.985172503324238,0.0,0.0,0.0
2020-03-01,2.710916172661873e-07,1.0040430269118051e-08,0.8171839998273053,0.6757955928574975,0.0,0.0,0.0
2020-03-02,3.112533383426595e-07,2.0080860538236103e-08,0.9295826452594413,0.9739062519929733,0.0,0.0,0.0
2020-03-03,3.8488316031619196e-07,3.3468100897060173e-08,0.9480077529905597,1.0570130351039662,0.0005123987858697003,0.0,0.0001884203945453244
2020-03-04,4.7190022264854835e-07,4.016172107647221e-08,0.9052900474676189,1.088235863467673,0.0005463619142351411,0.0,0.0031168934806017983
2020-03-05,6.727088280309095e-07,4.016172107647221e-08,0.9657491818830224,1.1207659887015644,0.0005595381890060064,0.0,0.0031168934806017983
2020-03-06,8.768642435029768e-07,4.6855341255884244e-08,1.0563705778489332,1.1973721653928124,0.005478873767803685,0.0,0.0031168934806017983
2020-03-07,1.238319733191227e-06,6.358939170441432e-08,1.0200721796546128,0.9905428587304221,0.005478873767803685,0.0,0.0031168934806017983
2020-03-08,1.5830411724309468e-06,7.362982197353237e-08,0.7790020608777023,0.6960053515689726,0.005478873767803685,0.0,0.0031168934806017983
2020-03-09,2.165386128039795e-06,8.701706233235645e-08,0.8953014505904506,0.9740625007264178,0.0827637026488752,0.0,0.0031168934806017983
2020-03-10,2.744384273558936e-06,9.705749260147449e-08,0.8808907338129698,1.0546442709713342,0.10079303001102555,0.0,0.0031168934806017983
2020-03-11,3.4204399116795533e-06,1.2048516322941662e-07,0.8900427816976199,1.0833397670023097,0.1015996944710706,0.0,0.0031168934806017983
2020-03-12,4.521540431192831e-06,1.3721921367794668e-07,0.9168113328316205,1.0964907475432744,0.12563012053439943,0.0032312462762256037,0.0031168934806017983
2020-03-13,5.953975149587e-06,1.6399369439559483e-07,1.034394264449749,1.1378829221376512,0.2771258240095675,0.0032312462762256037,0.0031168934806017983
2020-03-14,7.647461054978238e-06,1.9076817511324296e-07,0.7990280080080737,0.8908220728183973,0.2771258240095675,0.0032312462762256037,0.0031168934806017983
2020-03-15,9.535061945572421e-06,2.04155415472067e-07,0.6191963168237005,0.5840449975192045,0.2771258240095675,0.17415971604227537,0.0031168934806017983
2020-03-16,1.1727222554329869e-05,2.6774480717648144e-07,0.7097434898573003,0.8281178052713692,0.9359780070202665,0.30806932302887263,0.0031168934806017983
2020-03-17,1.5117541175202064e-05,3.413746291500137e-07,0.6491262209133241,0.7906365618527044,0.9866601145183275,0.5119324555172123,0.0031168934806017983
2020-03-18,2.6664035984687727e-05,4.3508531166178213e-07,0.6050370074565771,0.7326851954905805,0.9966783739167675,0.5883457492920914,0.0031168934806017983
2020-03-19,4.115907048320463e-05,5.421832345323746e-07,0.5773275061702955,0.6981508986729968,0.998778980688404,0.7369520700772725,0.1351567144520763
2020-03-20,5.785630602074796e-05,6.827492583000273e-07,0.4818648388692242,0.6655798838994252,0.999024078810469,0.8794953131334668,0.1355826525108872
2020-03-21,7.953694178186313e-05,8.567833829647404e-07,0.30990234673628725,0.4362511460073671,0.999024078810469,0.8995651658639804,0.17790390328280947
2020-03-22,0.00010441378117864794,1.3219899854338776e-06,0.36263628869520176,0.28717048201358275,0.999024078810469,0.8995651658639804,0.24796565027832668
2020-03-23,0.0001312618917182696,1.6466305641353626e-06,0.49673799229106835,0.5355016850980138,0.9990738621701887,0.9579430612169093,0.3819461286884816
2020-03-24,0.00016068035240678595,2.188813798667739e-06,0.46604754504460544,0.5357004140894469,0.9992331622277308,0.9725125638892448,0.5306216542005386
2020-03-25,0.00020073162875029792,2.89499072759571e-06,0.5281112021810017,0.5300145195327207,0.999360681257784,0.9821596519447364,0.583743879269793
2020-03-26,0.00024559896481289643,3.691531528945744e-06,0.45428262121225155,0.5287627813176587,0.9994316497379762,0.9821596519447364,0.625999854435129
2020-03-27,0.0002967382229836033,4.839487389714888e-06,0.46691186263961554,0.532940866379594,0.9994862156470095,0.9821596519447364,0.6736267094555672
2020-03-28,0.0003495441925789841,6.305390209006122e-06,0.3959890835170928,0.3561258031665649,0.9994862156470095,0.9821596519447364,0.6892023915598018
2020-03-29,0.00039698187879047683,7.138745921342921e-06,0.3262091555809363,0.24945641922109946,0.9994862156470095,0.9821596519447364,0.6905474626368682
2020-03-30,0.0004542391058051676,8.551099779198868e-06,0.4414826374409827,0.47622856946631487,0.9995102254502114,0.9821596519447364,0.7757579529904447
2020-03-31,0.0005179255550021843,1.0498943251407778e-05,0.4239885580071355,0.497214271873532,0.9996138451208186,0.9821596519447364,0.8142894166377206
2020-04-01,0.0005862372957431772,1.303917210949464e-05,0.43953148490557015,0.5081958755613077,0.9996153076638907,0.9921404106678375,0.8361737665697382
2020-04-02,0.000666259524988048,1.5485690285069747e-05,0.4403140944163875,0.5133693083751949,0.9996153076638907,0.9921404106678375,0.8582946702932425
2020-04-03,0.000755676250154725,1.8256849039346193e-05,0.4726825617913796,0.5210681475861381,0.9996153076638907,0.9921404106678375,0.9138614842324184
2020-04-04,0.0008446043410483036,2.2922302304396392e-05,0.3912809184733534,0.35305024125491774,0.9996153076638907,0.9981731565252854,0.926995067471412
2020-04-05,0.0009124274475161953,2.5097728862705295e-05,0.29857269111398266,0.2463690540238553,0.9996153076638907,0.9981731565252854,0.926995067471412
2020-04-06,0.0009898960606626193,2.8775873151292207e-05,0.402062975105138,0.4792571205820417,0.9996235273567627,0.9981731565252854,0.9402413334625673
2020-04-07,0.0010742858770745511,3.5004286728235256e-05,0.40879375397665574,0.507908517815107,0.9996235273567627,0.9981731565252854,0.9558090234550037
2020-04-08,0.0011594889683382858,4.032906158095764e-05,0.41878542013850206,0.5167396007347859,0.9996235273567627,0.9981731565252854,0.9558090234550037
2020-04-09,0.0012572158229576997,4.520536388165927e-05,0.42157262111401395,0.518403322741168,0.9996235273567627,0.9981731565252854,0.9558090234550037
2020-04-10,0.001349172776982466,5.108570920927272e-05,0.45801056429358594,0.5154714228226545,0.9996235273567627,0.9981731565252854,0.9558090234550037
2020-04-11,0.0014249780255143078,5.520228561961116e-05,0.4134693810895591,0.3605266549784576,0.9996235273567627,0.9981731565252854,0.9558090234550037
2020-04-12,0.0014951974480064288,5.88570022375701e-05,0.21399014210232833,0.19386910980432204,0.9996235273567627,0.9981731565252854,0.9558090234550037
2020-04-13,0.0015589006312538925,6.324132345508489e-05,0.36311228092092485,0.4620559961564169,0.9996235273567627,0.9981731565252854,0.9558090234550037
2020-04-14,0.0016279520170247085,6.87033175214847e-05,0.3965826852405484,0.5088130407723938,0.9996235273567627,0.9981731565252854,0.9558090234550037
2020-04-15,0.0017068965734206955,7.510911203318177e-05,0.42902874142217856,0.525497067847907,0.9996235273567627,0.9981731565252854,0.9558090234550037
2020-04-16,0.0017828055730653182,8.00791250163952e-05,0.4284543311207099,0.5357707434831968,0.9996451375183567,0.9981731565252854,0.9558090234550037
2020-04-17,0.0018640426943727535,8.49152655960205e-05,0.46337622875728907,0.5506845788865679,0.9996487821623053,0.9981731565252854,0.9558090234550037
2020-04-18,0.0019359087474290098,8.877079081936185e-05,0.4124635481306615,0.3809630539713009,0.9996487821623053,0.9981731565252854,0.9558090234550037
2020-04-19,0.0019974833594594284,9.380774000436938e-05,0.3180268133466276,0.2608203143418622,0.9996487821623053,0.9981731565252854,0.9558090234550037
2020-04-20,0.0020635192693394117,9.828911871448569e-05,0.420641569946552,0.5111558394318806,0.9996487821623053,0.9812459306705248,0.9388817976002432
2020-04-21,0.0021310880182404983,0.00010510322405712714,0.44988758994260813,0.5424911605194154,0.9996513391025961,0.9812459306705248,0.9388817976002432
2020-04-22,0.0022006682000054937,0.00011010001152105815,0.45097221517414277,0.5585690309493763,0.9996513391025961,0.9812459306705248,0.9388817976002432
2020-04-23,0.0022875246154535414,0.00011560551411862472,0.45968232795141606,0.5646330444519548,0.9996513391025961,0.9812459306705248,0.9388817976002432
2020-04-24,0.002379431367326961,0.0001199864885260497,0.5126239913653698,0.5857930331852923,0.9996513391025961,0.9443979411155321,0.9020338080452509
2020-04-25,0.002463111659999882,0.00012514726968437679,0.4676205434835503,0.40830603871648585,0.9996513391025961,0.9443979411155321,0.9020338080452509
2020-04-26,0.002529796851037268,0.00012788496033775643,0.36056504940322137,0.27703533460372987,0.9996513391025961,0.9443979411155321,0.8987665403706613
2020-04-27,0.0025884965532006303,0.00013105104268261878,0.4733280846238868,0.5423349868790027,0.9996513391025961,0.9290652218874117,0.8834338211425409
2020-04-28,0.0026552988825911555,0.00013717905195687063,0.48368210586355304,0.5831136919381994,0.9996513391025961,0.9290652218874117,0.8834338211425409
2020-04-29,0.0027255450795639967,0.00014305270366430506,0.474042259558178,0.5946114309839166,0.9996513391025961,0.9286905498120755,0.8834338211425409
2020-04-30,0.0028039005973841975,0.00014871550633608783,0.48473897459156023,0.6138717550751407,0.9996513391025961,0.9286905498120755,0.8673717648174902
2020-05-01,0.002895783921586988,0.00015268147629238923,0.576820679215851,0.6550254265993947,0.9996814802076472,0.8025930915442613,0.7551766184919135
2020-05-02,0.002972506196083404,0.00015679805270272756,0.5088642791743124,0.4628651110600998,0.9996814802076472,0.8025930915442613,0.7551766184919135
2020-05-03,0.0030404866026255153,0.00015952235611574816,0.38001627035494634,0.31627779755745933,0.9996814802076472,0.8025930915442613,0.7551766184919135
2020-05-04,0.0031008563630236323,0.00016230020849020436,0.49295519182327224,0.6088502271119919,0.9996814802076472,0.6844957840422149,0.6240910985080351
2020-05-05,0.00316614593425361,0.00016808014951512657,0.513051262879796,0.6604551460731463,0.9996814802076472,0.6844957840422149,0.6240910985080351
2020-05-06,0.003235284337086761,0.00017485743994678112,0.5246263676982087,0.6755443660495019,0.9996814802076472,0.6844957840422149,0.6240910985080351
2020-05-07,0.003310152478793484,0.00017996132533358247,0.5363203244556565,0.6985428668484978,0.9996814802076472,0.6748486959867236,0.4720029010964212
2020-05-08,0.0033862187785123213,0.0001839507229605122,0.5809838347092096,0.7239419328854403,0.9996814802076472,0.6746519220280868,0.4099308194034105
2020-05-09,0.003454774836389862,0.00018801040359932539,0.5751098223815865,0.5251428792558412,0.9996814802076472,0.6646099908512743,0.3998888882265977
2020-05-10,0.003522363666151474,0.00019029292808050505,0.4214080335676942,0.3529719909616578,0.9996814802076472,0.6646099908512743,0.3998888882265977
2020-05-11,0.0035724654131943805,0.00019288335908993737,0.5074283671602587,0.644956139793376,0.9996844856165231,0.5902082594064383,0.39700194868636457
2020-05-12,0.0036375374417685234,0.00019726768030745224,0.5324566684628165,0.7023164899556635,0.9996844856165231,0.5703987995848075,0.35811329989178925
2020-05-13,0.00369474781344196,0.00020165869514514673,0.5435347489864106,0.7228604033120204,0.9996844856165231,0.5703987995848075,0.35811329989178925
2020-05-14,0.0037726046565587854,0.00020573176302431868,0.5538046156481631,0.7426344449340508,0.9996844856165231,0.5636374696560379,0.3513519699630197
2020-05-15,0.003844842205535005,0.0002106448802360075,0.6081314277799118,0.778141821127158,0.9996844856165231,0.5205168604458706,0.2712026718258931
2020-05-16,0.003911708124317238,0.00021382434982122816,0.5688055711012238,0.5653712068967746,0.9996844856165231,0.514869697168141,0.2652550647172122
2020-05-17,0.003960263645098692,0.00021556803787796497,0.4529987323082963,0.3791077797524296,0.9996844856165231,0.49656372827785056,0.24694909582692245
2020-05-18,0.004020620018256448,0.0002174389047181106,0.5560839868665473,0.6845208245031897,0.9996844856165231,0.49656372827785056,0.24694909582692245
2020-05-19,0.004082047370642912,0.0002215588279385386,0.574057444223964,0.7482956828851419,0.9996844856165231,0.49656372827785056,0.24232951129551566
2020-05-20,0.0041439700509226535,0.00022540431273161075,0.5900264351156282,0.7717256984038119,0.9996844856165231,0.457675079483275,0.22585546629271736
2020-05-21,0.004219356948193287,0.00022907911021010797,0.6090793536999541,0.8016870899778684,0.9996844856165231,0.457675079483275,0.24151854956932747
2020-05-22,0.004287524776100414,0.00023233890323748156,0.6796693965267059,0.8350794785448845,0.9996844856165231,0.4194861387379934,0.23532285566360825
2020-05-23,0.004352221961944531,0.00023511006199175832,0.6064574152106322,0.617157330082979,0.9996844856165231,0.4185475910461422,0.2343843079717571
2020-05-24,0.004410202099938598,0.0002364287051671021,0.49836700105024934,0.424425382255315,0.9996844856165231,0.4185475910461422,0.2343843079717571
2020-05-25,0.004467379003511136,0.00023792138246711098,0.46938780053314466,0.4551312099228458,0.9996844856165231,0.4185475910461422,0.2343843079717571
2020-05-26,0.004525948180080995,0.0002399227749007552,0.6036100454306417,0.7933633316725353,0.9996844856165231,0.41790838274768216,0.2343843079717571
2020-05-27,0.004583205407095682,0.00024383519589562166,0.6148382356047879,0.8218195078684631,0.9996844856165231,0.41615986732344684,0.23263579254752184
2020-05-28,0.004648166990936878,0.00024722551451649306,0.6357199569207914,0.8468541051283418,0.9996844856165231,0.41525865966147085,0.23173458488554585
2020-05-29,0.004721783425670033,0.0002502610712678564,0.7040560124332115,0.9201966297881892,0.9997159855144513,0.3691295993519879,0.1831552662599987
2020-05-30,0.004790480049571342,0.000252804646936033,0.6486653160874382,0.6857426566895515,0.9997159855144513,0.3691295993519879,0.1831552662599987
2020-05-31,0.004850428111898159,0.00025412329011137723,0.5242804655402288,0.4607501181870522,0.9997159855144513,0.3691295993519879,0.16639523551794577
2020-06-01,0.004906309799965984,0.00025566951637282106,0.6430852712818742,0.7801981746800803,0.9997159855144513,0.3656421536828275,0.13001350603305184
2020-06-02,0.0049684433292813916,0.0002587753561360683,0.6473033207349377,0.8456048077046431,0.9997159855144513,0.3656421536828275,0.13001350603305184
2020-06-03,0.0050304362925730145,0.0002613892148161283,0.6696303065652359,0.865329808182243,0.9997159855144513,0.3656421536828275,0.13001350603305184
2020-06-04,0.005096117440583491,0.0002641737608107635,0.6771114641741293,0.9013758091590255,0.9997159855144513,0.3656421536828275,0.13001350603305184
2020-06-05,0.005185574327471247,0.00026741012616750953,0.7422860691325998,0.955108810944504,0.9997159855144513,0.3159277175604019,0.11002206502252954
2020-06-06,0.00525219592911693,0.0002694048249809744,0.6620696109241234,0.7192641537192818,0.9997159855144513,0.3159277175604019,0.11002206502252954
2020-06-07,0.005309868160582743,0.0002703017700850157,0.5209301186399452,0.494697071582419,0.9997159855144513,0.3159277175604019,0.11002206502252954
2020-06-08,0.005364314067122079,0.00027165388136125694,0.6669489772630071,0.8144717150536617,0.9997159855144513,0.2827772343517333,0.11002206502252954
2020-06-09,0.005423495709938355,0.00027456560613930097,0.6771492965023848,0.8872776795526758,0.9997159855144513,0.2827772343517333,0.11002206502252954
2020-06-10,0.005488142693631114,0.00027702216474514535,0.6861388706314847,0.9138695642465663,0.9997159855144513,0.28252036225592086,0.11002206502252954
2020-06-11,0.0055607182704263914,0.00027946868292072036,0.7084874513657746,0.947329592529547,0.9997159855144513,0.28252036225592086,0.09435898174591942
2020-06-12,0.005640529650635619,0.0002815872137075043,0.7396030159535092,1.0022305136203093,0.9997159855144513,0.28252036225592086,0.09435898174591942
2020-06-13,0.005717730518974848,0.0002833108209037027,0.685901517105171,0.7659005801885749,0.9997159855144513,0.28252036225592086,0.09435898174591942
2020-06-14,0.0057769355894617454,0.00028401030421245136,0.5674752819437967,0.5313925802052238,0.9997159855144513,0.28252036225592086,0.09435898174591942
2020-06-15,0.00584135164325832,0.00028517834093375884,0.6750541605018872,0.8458529927414753,0.9997159855144513,0.28252036225592086,0.09435898174591942
2020-06-16,0.005921306936301386,0.0002874173568837723,0.6670856950487591,0.9226270002097651,0.9997159855144513,0.28252036225592086,0.09435898174591942
2020-06-17,0.006003370719700998,0.00028950576637974874,0.690179237464758,0.9516203789746484,0.9997159855144513,0.28252036225592086,0.09435898174591942
2020-06-18,0.006089085872908457,0.0002916410312169809,0.7331463882111969,0.9839942123898526,0.9997159855144513,0.28252036225592086,0.09435898174591942
2020-06-19,0.006191622093626767,0.00029353532572775395,0.7608369035600125,1.0280233928132858,0.9997159855144513,0.2750625171064404,0.09435898174591942
2020-06-20,0.006290500250917055,0.00029520873077260685,0.740138801770974,0.7905537630378028,0.9997159855144513,0.2750625171064404,0.09435898174591942
2020-06-21,0.006375254869628774,0.00029588813322081725,0.5331903185768725,0.5437989334285105,0.9997159855144513,0.2750625171064404,0.09435898174591942
2020-06-22,0.006475819819204257,0.000296858708146832,0.6866095156844659,0.8420415546318903,0.9997159855144513,0.2750625171064404,0.09435898174591942
2020-06-23,0.006589450715369946,0.0002992951858921378,0.7026461747014734,0.9276450787744763,0.9997159855144513,0.2750625171064404,0.09435898174591942
2020-06-24,0.0067104814086439936,0.00030145053158990836,0.7307016597950193,0.9577751065510917,0.9997159855144513,0.2750625171064404,0.09435898174591942
2020-06-25,0.006836813449100119,0.00030327454308879824,0.7469150622518262,0.9868660286128687,0.9997159855144513,0.2750625171064404,0.09435898174591942
2020-06-26,0.006984377652765348,0.0003049512949437405,0.7936869903772827,1.0304332605906936,0.9997159855144513,0.4412063491678869,0.11002206502252954
2020-06-27,0.007120378627570647,0.00030641719776303193,0.7082164829629035,0.7950818997591863,0.9997159855144513,0.4412063491678869,0.11002206502252954
2020-06-28,0.007245452267433055,0.00030819100711057594,0.5729566893509745,0.5443061163349141,0.9997159855144513,0.4412063491678869,0.11002206502252954
2020-06-29,0.007371365956627965,0.0003102760697964625,0.6691864847463963,0.8523495938599192,0.9997159855144513,0.4523157861822128,0.11002206502252954
2020-06-30,0.007532491434776677,0.00031246823040521985,0.7001556933723473,0.9276464935269481,0.9997159855144513,0.4523157861822128,0.11002206502252954
2020-07-01,0.0076966290420061294,0.0003143725653462627,0.6885152959936235,0.9571874320094051,0.9997159855144513,0.48546626939088117,0.11002206502252954
2020-07-02,0.007871744186329804,0.0003163572237294582,0.700363587918714,0.9852950598542632,0.9997159855144513,0.48546626939088117,0.11002206502252954
2020-07-03,0.008063459508698457,0.00031811095221646445,0.744681362825603,0.9078589297702632,0.9997159855144513,0.48546626939088117,0.11002206502252954
2020-07-04,0.008228986042115144,0.0003188204759554821,0.5322962565029806,0.5359993168045953,0.9997159855144513,0.48546626939088117,0.09435898174591942
2020-07-05,0.008375040834429897,0.00031948983797342297,0.5064902199808743,0.5062725079643702,0.9997159855144513,0.48546626939088117,0.09435898174591942
2020-07-06,0.008528103847072529,0.00032068464917544805,0.6437565512717538,0.8260616718262849,0.9997159855144513,0.4573865100294852,0.09435898174591942
2020-07-07,0.008704330132345978,0.00032351605051133934,0.6517107214730904,0.9159098152814319,0.9997159855144513,0.4573865100294852,0.09435898174591942
2020-07-08,0.008898642579344227,0.00032610648152077215,0.6214470820816507,0.9546237382524467,0.9997159855144513,0.4573865100294852,0.09435898174591942
2020-07-09,0.009094147028417664,0.00032865213276869726,0.6928756804141265,0.9794882922006467,0.9997159855144513,0.4573865100294852,0.09435898174591942
2020-07-10,0.009315539914043125,0.00033119907133197804,0.7465593720542021,1.0270655382359568,0.9997159855144513,0.4674284412062979,0.09435898174591942
2020-07-11,0.009513160257467552,0.0003331770485867725,0.6775167443097424,0.7887830771409972,0.9997159855144513,0.4674284412062979,0.09435898174591942
2020-07-12,0.009701364938929922,0.0003345471365670108,0.5329968198372536,0.5495188957863755,0.9997159855144513,0.4674284412062979,0.09435898174591942
2020-07-13,0.009900748131628815,0.000335655679724837,0.6616203090712091,0.8526987441106862,0.9997159855144513,0.48723790102792863,0.09435898174591942
2020-07-14,0.010115783303852585,0.00033866115185957567,0.6676430194274399,0.9293675744998882,0.9997159855144513,0.48723790102792863,0.09435898174591942
2020-07-15,0.010338496152108769,0.0003415729121682864,0.6809251770816312,0.9588297936767866,0.9997159855144513,0.48723790102792863,0.09435898174591942
2020-07-16,0.010587060076944776,0.00034450475358257447,0.6937118288648532,0.9844409754492646,0.9997159855144513,0.48723790102792863,0.09435898174591942
2020-07-17,0.010817194769647997,0.0003473453383500463,0.7573396966639162,1.0249686013557544,0.9997159855144513,0.48723790102792863,0.09435898174591942
2020-07-18,0.011019161371321421,0.00034978181609535234,0.6705346464675297,0.7885621746090746,0.9997159855144513,0.48723790102792863,0.09435898174591942
2020-07-19,0.011220769864315236,0.00035106364435971,0.5318815078268072,0.5450357432877976,0.9997159855144513,0.48723790102792863,0.09435898174591942
2020-07-20,0.011413311848776028,0.00035274374302474203,0.6450741817441258,0.8506226074449538,0.9997159855144513,0.48723790102792863,0.09435898174591942
2020-07-21,0.011626871800600114,0.00035630474896018954,0.669227083095194,0.9312694236275685,0.9997159855144513,0.48723790102792863,0.09435898174591942
2020-07-22,0.01185103779359856,0.00036016027418353085,0.6939852693882564,0.959386526544095,0.9997159855144513,0.48723790102792863,0.09435898174591942
2020-07-23,0.012077181751360008,0.0003635673268548513,0.7004653378821877,0.98710714334847,0.9997159855144513,0.48723790102792863,0.09435898174591942
2020-07-24,0.012313572708332199,0.0003671807026931626,0.7674010271692965,1.0293442623823692,0.9997159855144513,0.5292606189805572,0.09435898174591942
2020-07-25,0.012529399724780807,0.0003699753056167684,0.6967048750028414,0.7929309139574384,0.9997159855144513,0.5292606189805572,0.09435898174591942
2020-07-26,0.012702052636182052,0.00037134081219500944,0.5523172232215204,0.5494137827335457,0.9997159855144513,0.5292606189805572,0.09435898174591942
2020-07-27,0.012892811897064404,0.0003768597346153999,0.6511343045457234,0.8553914911985497,0.9997159855144513,0.5292606189805572,0.09435898174591942
2020-07-28,0.013095468802013593,0.0003810878776744636,0.6772725405216795,0.9406273769203215,0.9997159855144513,0.5292606189805572,0.09435898174591942
2020-07-29,0.013308931696345096,0.0003856161117258354,0.7058546470048831,0.976143361964429,0.9997159855144513,0.5292606189805572,0.09435898174591942
2020-07-30,0.013531856022800288,0.00038966909874446994,0.7232791050029429,0.9975390560185198,0.9997159855144513,0.5292606189805572,0.09435898174591942
2020-07-31,0.013752487883059064,0.0003942586336234929,0.7830573473442493,1.0387948107878884,0.9997159855144513,0.5292606189805572,0.09435898174591942
2020-08-01,0.013934173303258265,0.00039763222724911913,0.7102032459484098,0.7942673361414717,0.9997159855144513,0.5292606189805572,0.09435898174591942
2020-08-02,0.01409589494768671,0.0003989542207829711,0.5773264330941091,0.5468090509895506,0.9997159855144513,0.5292606189805572,0.09435898174591942
2020-08-03,0.014248704012923706,0.00040085856083553234,0.6792582683622398,0.8560239159187361,0.9997159855144513,0.5292606189805572,0.09435898174591942
2020-08-04,0.014418126688039259,0.0004052362001830726,0.6886830037276164,0.9201894483979467,0.9997159855144513,0.5292606189805572,0.09435898174591942
2020-08-05,0.014589189304500646,0.00040934609400476897,0.7119212742501875,0.9734995103405034,0.9997159855144513,0.5292606189805572,0.08555912447673616
2020-08-06,0.014774723566633837,0.00041089901805466074,0.7127416344298186,1.0008850159098783,0.9997159855144513,0.5292606189805572,0.08267320235777056
2020-08-07,0.014969565332609187,0.00041518964010630135,0.7735453117771026,1.0468622503120575,0.9997159855144513,0.5292606189805572,0.08267320235777056
2020-08-08,0.015145671605413585,0.0004182821009297932,0.700886078313898,0.808082888244473,0.9997159855144513,0.5292606189805572,0.08267320235777056
2020-08-09,0.015299065460847569,0.0004199577300563098,0.5502816778474088,0.5597571250694555,0.9997159855144513,0.5292606189805572,0.08267320235777056
2020-08-10,0.015449681955314565,0.0004216512159617009,0.6707896693486453,0.8596345769052602,0.9997159855144513,0.5292606189805572,0.08267320235777056
2020-08-11,0.015621269561803677,0.0004263601777579173,0.6852165031889916,0.9440776942752453,0.9997159855144513,0.5292606189805572,0.08267320235777056
2020-08-12,0.01579435988602315,0.00043114946299628647,0.6871803358001297,0.9878845777136228,0.9997159855144513,0.5292606189805572,0.08267320235777056
2020-08-13,0.01596489324733401,0.00043500498821962734,0.6946435486622559,1.027511645005924,0.9997159855144513,0.5292606189805572,0.08267320235777056
2020-08-14,0.016152692801897694,0.00043870656017884257,0.7748865249263077,1.0713157292511046,0.9997159855144513,0.5292606189805572,0.08267320235777056
2020-08-15,0.016319330476264167,0.0004420901851795349,0.7224646921348252,0.8342491230224253,0.9997159855144513,0.5292606189805572,0.08267320235777056
2020-08-16,0.016453899016351074,0.0004437267753134016,0.5662517446132588,0.5555293211562167,0.9997159855144513,0.5292606189805572,0.08267320235777056
2020-08-17,0.016570150464816993,0.000445393486738075,0.664086355974073,0.857729043643134,0.9997159855144513,0.5292606189805572,0.08267320235777056
2020-08-18,0.016705672219682475,0.0004497093099824096,0.6943719335364659,0.9361073494439847,0.9997159855144513,0.5292606189805572,0.08267320235777056
2020-08-19,0.016844681186529,0.0004537818169124575,0.6938449458840849,0.9633128195054373,0.9997159855144513,0.5292606189805572,0.08267320235777056
2020-08-20,0.01699263401927165,0.00045713867648765853,0.7272303587300026,0.9903799784705316,0.9997159855144513,0.5292606189805572,0.08267320235777056
2020-08-21,0.01714576103437056,0.000460880420261412,0.8520477373546124,1.0331634115220811,0.9997159855144513,0.5292606189805572,0.08267320235777056
2020-08-22,0.017288844245296777,0.0004638624360954138,0.762424206008406,0.808933157115436,0.9997159855144513,0.5292606189805572,0.08267320235777056
2020-08-23,0.01739256886339708,0.00046526810012491006,0.5779232366077792,0.5541171879163119,0.9997159855144513,0.5292606189805572,0.08267320235777056
2020-08-24,0.01751801768439136,0.00046678086236617703,0.6504540610906475,0.8424285247239977,0.9997159855144513,0.5292606189805572,0.08267320235777056
2020-08-25,0.01764407227964595,0.00047059623616052337,0.6639178262754692,0.9187470290876056,0.9997159855144513,0.5292606189805572,0.08267320235777056
2020-08-26,0.017784962203938128,0.00047444714512681244,0.6589017964446664,0.9482967025359149,0.9997159855144513,0.5292606189805572,0.08267320235777056
2020-08-27,0.01792890515908629,0.00047802823192279827,0.6639090944592451,0.9676465431805533,0.9997159855144513,0.5292606189805572,0.08267320235777056
2020-08-28,0.018074431155406873,0.0004811675397869414,0.67869634516865,1.027032634969967,0.9997159855144513,0.5292606189805572,0.08267320235777056
2020-08-29,0.018214809757809487,0.0004839420453513074,0.6992958609812888,0.8027234480311546,0.9997159855144513,0.5292606189805572,0.08267320235777056
2020-08-30,0.018321402312356558,0.00048513350974324247,0.5091687115111285,0.5562617732223086,0.9997159855144513,0.5292606189805572,0.08267320235777056
2020-08-31,0.018435829749323583,0.0004866563083340585,0.5952803553878859,0.8402507767507649,0.9997159855144513,0.5292606189805572,0.08267320235777056
2020-09-01,0.018576402466711387,0.0004901302972071737,0.6786296587321754,0.9144516816075271,0.9997159855144513,0.5292606189805572,0.08267320235777056
2020-09-02,0.01870298551792426,0.0004935574307390324,0.6838464783206853,0.9493825159048739,0.9997159855144513,0.5292606189805572,0.08267320235777056
2020-09-03,0.01884726315408148,0.0004970280728020578,0.7332880336224044,0.981672761821564,0.9997159855144513,0.5292606189805572,0.08267320235777056
2020-09-04,0.01902794404358434,0.0005000803636038693,0.8066000197886712,1.0353893881566543,0.9997159855144513,0.5292606189805572,0.08267320235777056
2020-09-05,0.019161572130036084,0.00050235284765478,0.7531388962058736,0.80745043503516,0.9997159855144513,0.5292606189805572,0.08267320235777056
2020-09-06,0.019255162327384556,0.0005035510056668949,0.6083672943936086,0.6488064598651326,0.9997159855144513,0.5292606189805572,0.08267320235777056
2020-09-07,0.019333865913454113,0.0005043743209489626,0.6083672943936086,0.5230506116556212,0.9997159855144513,0.5292606189805572,0.08267320235777056
2020-09-08,0.019424946003235365,0.0005057599003261009,0.6083672943936086,0.8952262923274302,0.9997159855144513,0.5292606189805572,0.08267320235777056
2020-09-09,0.019531545251402594,0.0005094848999559434,0.6083672943936086,0.9350055261968205,0.9997159855144513,0.5292606189805572,0.08267320235777056
2020-09-10,0.01964999555409743,0.0005123832374936289,0.6083672943936086,0.9654735329816234,0.9997159855144513,0.5292606189805572,0.08267320235777056
2020-09-11,0.019799116024454368,0.0005162454563371506,0.6083672943936086,1.0255710540738516,0.9997159855144513,0.5292606189805572,0.08267320235777056
2020-09-12,0.01992452099851563,0.0005184074956551004,0.6083672943936086,0.8038123513767245,0.9997159855144513,0.5292606189805572,0.08267320235777056
2020-09-13,0.020030112856845896,0.0005196391217681122,0.6083672943936086,0.5474261281118753,0.9997159855144513,0.5292606189805572,0.08267320235777056
2020-09-14,0.020144446583130454,0.0005210313947654299,0.6083672943936086,0.8166044204240164,0.9997159855144513,0.5292606189805572,0.08267320235777056
2020-09-15,0.02026637422150854,0.000525054260493258,0.6083672943936086,0.8166044204240164,0.9997159855144513,0.5292606189805572,0.08267320235777056
